question,gt_answer,pred_answer,vt5_answer,qwen_answer,gt_page_idx,pages_pred,anls,vt5_anls,retrieval_precision@k,chunk_score@k,confidence,retrieved_chunks
¬øQu√© m√©trica sugiere el cliente Carlos L√≥pez agregar al panel principal del dashboard de ventas?,el ticket promedio,ticket promedio,5,ticket promedio,2,2;2,0.8333333333333334,0.0,1.0,0.9175378398080271,0.24885235726833344,"2025 Cliente Carlos L√≥pez ‚Äì Dashboard ventas Wed, 01 Oct 2025 12:01:05 -0600 Gracias, Ana. Con esta informaci√≥n es suficiente por ahora. Tomemos nota para el backlog: - Mejorar la visibilidad del filtro de sucursal. - Evaluar rendimiento en horas pico. - Agregar ticket promedio al panel principal. Puedes cerrar este caso y seguir con el siguiente cliente. Laura El mi√©, caso

---

nuevo dashboard: - Encuentra los filtros, pero comenta que el de sucursal est√° ‚Äúescondido‚Äù. - Percibe intermitencia en la velocidad: algunos d√≠as bien, otros ‚Äúmuy lento‚Äù (sin datos exactos). - Sugiere agregar ticket promedio en la pantalla principal. - A√∫n no revisa todos los reportes, pero se compromete a seguir probando. Estado del caso: abierto a la espera de seguir"
"En el caso de las notificaciones push, ¬øqu√© tipo de mensajes menciona Mariana como especialmente molestos?",las notificaciones de carrito y las promociones diarias,recordatorios de carrito,"casi diarias, en especial recordatorios de carrito.",recordatorios de carrito,5,6;5,0.0,0.0,1.0,0.6943737174417381,0.35675549507141113,"caso de Mariana: - Notificaciones molestas: casi diarias, en especial recordatorios de carrito. - No desinstal√≥ la app, pero comenta que lo pens√≥ y que opt√≥ por desactivar notificaciones. Propongo: - Bajar frecuencia de recordatorios de carrito. - Ajustar segmentaci√≥n para que no reciba promociones diarias. Quedo atento.

---

De: Para: Asunto: Fecha: ""Diego Ram√≠rez"" <diego.ramirez@acme.com> ""Jos√© Mart√≠nez"" <jose.martinez@acme.com> Resumen feedback ‚Äì Notificaciones push ‚Äì Cliente Mariana P√©rez Fri, 03 Oct 2025 14:02:55 -0600 Hola Jos√©, Te comparto el resumen del feedback de Mariana P√©rez sobre notificaciones push: - Percibe ‚Äúmuchas‚Äù notificaciones, especialmente de carrito y promociones diarias. - Comenta que la configuraci√≥n es confusa (no entiende diferencia ‚Äúalertas‚Äù Comenta"
"Al exportar a Excel, ¬øqu√© problema tiene Luis con el formato de las fechas?",que las fechas aparecen como texto,El formato de fecha se cambia a texto.,tm,El formato de fecha se cambia a texto.,8,8,0.0,0.0,1.0,0.7454271729144023,0.048828043043613434,"Fecha: | actor: cliente | estado: cerrado] De: Para: Asunto: Fecha: ""Luis G√≥mez"" <luis.gomez@cliente.com> ""Sof√≠a Herrera"" <sofia.herrera@acme.com> Re: Opini√≥n sobre la nueva exportaci√≥n a Excel Sun, 05 Oct 2025 11:05:42 -0600 Hola, El archivo se abre bien, pero me cambia el formato de fecha (me aparece como texto). Las columnas est√°n m√°s claras que antes, casi no mov√≠ nada. Por mi m√°s"
"Seg√∫n Fernanda, ¬øen qu√© momento del d√≠a se nota m√°s la lentitud del m√≥dulo de reportes?","por la ma√±ana, cuando abren el sistema",tibet,tibet,NO_ENCONTRADO,9,9,0.0,0.0,1.0,0.36678233067162275,0.05342964082956314,"HILO 04 ‚Äì Tiempos de carga del m√≥dulo de reportes (mediano) [EVENTO: pregunta_enviada | timestamp: 2025-10-06 09:00:05 | actor: miembro | estado: abierto] De: Para: Asunto: Fecha: ""Miguel Pineda"" <miguel.pineda@acme.com> ""Fernanda D√≠az"" <fernanda.diaz@cliente.com> Seguimiento sobre tiempos de carga en reportes Mon, 06 Oct 2025 09:00:05 -0600 Hola Fernanda, Nos comentaron que el m√≥dulo de reportes a veces tarda en cargar que"
"En la b√∫squeda avanzada, ¬øc√≥mo suele buscar Roberto los productos en lugar de usar los nuevos filtros?",por c√≥digo,Roberto suele buscar los productos por c√≥digo.,te ves aguado m√°s r√°pido.,Roberto suele buscar los productos por c√≥digo.,11,11,0.0,0.0,1.0,1.0,1.1966320698775235e-06,"No b√∫squeda avanzada Tue, 07 Oct 2025 18:59:10 -0600 Hola, No la he usado tanto, casi siempre busco por c√≥digo como antes. Una vez prob√© los filtros, pero la verdad no puse mucha atenci√≥n. Cuando tenga m√°s tiempo la reviso mejor. Roberto"
"En el panel de tickets, ¬øqu√© colores confunden a Luc√≠a porque son demasiado parecidos?",el naranja y el morado,naranja y morado,naranja y morado,naranja y morado,14,14;13;14;14,0.7272727272727273,0.7272727272727273,1.0,1.0,0.6623506546020508,"Para: 2025-10-08 13:40:32 | actor: miembro | estado: pendiente] De: Para: Asunto: Fecha: ""Jorge Rojas"" <jorge.rojas@acme.com> ""Ra√∫l Villalobos"" <raul.villalobos@acme.com> Seguimiento ‚Äì Feedback colores panel de tickets ‚Äì Luc√≠a Ortega Wed, 08 Oct 2025 13:40:32 -0600 Ra√∫l, Seguimiento de Luc√≠a: - Colores que m√°s confunden: naranja y morado (no recuerda qu√© significa cada uno). - Desea que tickets cerrados est√©n en gris cada

---

1. Cuando comentas que hay muchos colores, ¬øcu√°les te confunden m√°s (por ejemplo, naranja, morado, etc.)? 2. ¬øQu√© te ayudar√≠a a distinguir mejor los tickets ya cerrados? (√≠cono, texto m√°s grande, otra columna, etc.) Tus comentarios nos sirven mucho. Saludos, Jorge [EVENTO: respuesta_seguimiento_cliente | timestamp: 2025-10-08 13:05:10 | actor: cliente | estado: pendiente] De: Para: Asunto: Fecha: ""Luc√≠a Ortega"" cliente

---

M√°s que nada el naranja y el morado se parecen mucho, y no recuerdo cu√°l es ‚Äúesperando respuesta‚Äù y cu√°l es ‚Äúen revisi√≥n‚Äù. Para los cerrados, me gustar√≠a que se vieran en gris clarito y que dijera claramente ‚ÄúCERRADO‚Äù en vez de solo el √≠cono. Luc√≠a [EVENTO: resumen_enviado_a_lider | timestamp: 2025-10-08 13:40:32 | actor: miembro | estado: pendiente] De:

---

uno). - Desea que tickets cerrados est√©n en gris claro y que diga expl√≠citamente ‚ÄúCERRADO‚Äù. Sugiero ajustar paleta de colores y agregar la etiqueta textual. Jorge [EVENTO: lider_aprobo | timestamp: 2025-10-08 14:00:00 | actor: lider | estado: cerrado] De: Para: Asunto: Fecha: ""Ra√∫l Villalobos"" <raul.villalobos@acme.com> ""Jorge Rojas"" <jorge.rojas@acme.com> Re: Seguimiento ‚Äì Feedback colores panel de tickets ‚Äì Luc√≠a"
"En el m√≥dulo de facturaci√≥n, ¬øqu√© campo le cost√≥ encontrar a Javier al generar una factura?",el campo de m√©todo de pago,campo de m√©todo de pago,el campo de m√©todo de pago,campo de m√©todo de pago,15,15,0.8846153846153846,1.0,1.0,1.0,0.7732250690460205,"2025 m√≥dulo de facturaci√≥n ‚Äì Javier Ruiz Thu, 09 Oct 2025 13:10:05 -0600 Hola Teresa, Resumen del caso de Javier: - Le cost√≥ encontrar el campo de m√©todo de pago al generar factura. - Solo un error de timbrado por RFC mal capturado (error del usuario)."
"En la app de inventarios offline, ¬øqu√© observa Paola sobre la sincronizaci√≥n cuando hace muchos movimientos?",que la sincronizaci√≥n es lenta si hace muchos movimientos,La sincronizaci√≥n es lenta.,no,La sincronizaci√≥n es lenta.,17,17;17,0.0,0.0,1.0,0.9744649078928623,0.26794034242630005,"de ""Ricardo Salas"" <ricardo.salas@acme.com> Re: Opini√≥n sobre el modo offline de inventarios Tue, 14 Oct 2025 09:02:18 -0600 Hola Ricardo, Perd√≥n por contestar hasta ahora, se me hab√≠a pasado el correo üòÖ. Lo he usado pocas veces, pero las veces que lo prob√© s√≠ guard√≥ los registros y luego sincroniz√≥ bien. Solo not√© que la sincronizaci√≥n es lenta si hago muchos movimientos (no med√≠ cu√°nto). Paola

---

de producto. Hace unas semanas activamos el modo offline en la app de inventarios. ¬øTe ha funcionado bien cuando no tienes conexi√≥n? ¬øHas perdido alg√∫n dato al sincronizar? Saludos, Ricardo [EVENTO: respuesta_cliente_recibida | timestamp: 2025-10-14 09:02:18 | actor: cliente | estado: cerrado] De: Para: Asunto: Fecha: ""Paola Medina"" <paola.medina@cliente.com> ""Ricardo Salas"" <ricardo.salas@acme.com> Re: Opini√≥n sobre el modo offline"
"Al usar la nueva API de integraci√≥n, ¬øqu√© c√≥digo de error HTTP menciona Andr√©s como problem√°tico de depurar?",el error 400,400,400 sin mensaje claro.,400,18,18;19,0.0,0.0,1.0,0.8744691179161412,0.4641379415988922,"cost√≥ en la doc. La autenticaci√≥n est√° bien, aunque me cost√≥ entender el ejemplo en cURL. Lo que m√°s tiempo me tom√≥ fue depurar un error 400 sin mensaje claro. Andr√©s [EVENTO: resumen_enviado_a_lider | timestamp: 2025-10-11 11:35:27 | actor: miembro | estado: pendiente] De: Para: Asunto: Fecha: ""Ana Torres"" <ana.torres@acme.com> ""Laura M√©ndez"" <laura.mendez@acme.com> Resumen ‚Äì Uso de API integraci√≥n ‚Äì Andr√©s M√©ndez""

---

- Perdi√≥ tiempo depurando error 400 sin mensaje detallado. Propongo: - Completar descripci√≥n de campos en la doc. - Mejorar mensajes de error para c√≥digos 4xx. ¬øLo dejamos as√≠? Ana [EVENTO: lider_aprobo | timestamp: 2025-10-11 11:50:00 | actor: lider | estado: cerrado] De: Para: Asunto: Fecha: ""Laura M√©ndez"" <laura.mendez@acme.com> ""Ana Torres"" <ana.torres@acme.com> Re: Resumen ‚Äì Uso de API integraci√≥n"
"En el reporte de desempe√±o de sucursales, ¬øqu√© funcionalidad adicional pide Daniela?",poder ordenar las sucursales por indicador,"Ordenar las sucursales por indicador (por ejemplo, de mayor a menor productividad).",juego a las 10 aos,"Ordenar las sucursales por indicador (por ejemplo, de mayor a menor productividad).",20,20;20,0.0,0.0,1.0,1.0,0.000631765928119421,"<sofia.herrera@acme.com> Re: Comentarios sobre el reporte de desempe√±o de sucursales Sun, 12 Oct 2025 10:40:45 -0600 Hola Sof√≠a, En general est√° bien. Lo √∫nico es que me gustar√≠a poder ordenar las sucursales por indicador (por ejemplo, de mayor a menor productividad). Fuera de eso, se entiende todo. Daniela

---

HILO 10 ‚Äì Reporte de desempe√±o de sucursales (corto, 2 correos) [EVENTO: pregunta_enviada | timestamp: 2025-10-12 10:00:00 | actor: miembro | estado: abierto] De: Para: Asunto: Fecha: ""Sof√≠a Herrera"" <sofia.herrera@acme.com> ""Daniela Flores"" <daniela.flores@cliente.com> Comentarios sobre el reporte de desempe√±o de sucursales Sun, 12 Oct 2025 10:00:00 -0600 Hola Daniela, Queremos saber si el nuevo reporte de desempe√±o de sucursales te saber"
"Respecto al centro de ayuda dentro de la app, ¬øqu√© canal prefiere usar Sergio para resolver sus dudas?",el chat directo,Prefiere usar el chat directo.,escrito a su vegado y nascima,Prefiere usar el chat directo.,21,21;21;21;22,0.5,0.0,1.0,0.9510903995190536,6.729555224183059e-08,"16:00:00 mucho, la verdad. Sergio [EVENTO: resumen_enviado_a_lider | timestamp: 2025-10-13 16:00:00 | actor: miembro | estado: pendiente] De: Para: Asunto: Fecha: ""Diego Ram√≠rez"" <diego.ramirez@acme.com> ""Jos√© Mart√≠nez"" <jose.martinez@acme.com> Resumen ‚Äì Uso centro de ayuda ‚Äì Sergio Navarro Mon, 13 Oct 2025 16:00:00 -0600 Jos√©, Resumen del caso de Sergio: - Vio el centro de ayuda ‚Äúpor encima‚Äù, pero no lo usa mucho. - Prefiere contactar al chat directo.

---

""Sergio Navarro"" <sergio.navarro@cliente.com> ""Diego Ram√≠rez"" <diego.ramirez@acme.com> Re: Seguimiento sobre el nuevo centro de ayuda en la app Mon, 13 Oct 2025 15:30:02 -0600 Hola, Lo vi por encima, pero casi siempre prefiero escribir al chat directo. Le√≠ una FAQ pero luego ya no segu√≠. No s√© si me sirvi√≥ mucho, la verdad. Sergio [EVENTO: resumen_enviado_a_lider | timestamp: 2025-10-13

---

ayuda -0600 Hola Sergio, Hace poco habilitamos el centro de ayuda dentro de la app (FAQ, tutoriales, etc.). ¬øLlegaste a usarlo? Si s√≠, ¬øte ayud√≥ a resolver tus dudas o terminaste contactando soporte igual? Gracias, Diego [EVENTO: respuesta_cliente_recibida | timestamp: 2025-10-13 15:30:02 | actor: cliente | estado: pendiente] De: Para: Asunto: Fecha: ""Sergio Navarro"" <sergio.navarro@cliente.com> ""Diego Ram√≠rez"" <diego.ramirez@acme.com> Re: Seguimiento sobre Fecha:

---

Navarro Re: Resumen ‚Äì Uso centro de ayuda ‚Äì Sergio Navarro Mon, 13 Oct 2025 16:20:10 -0600 Gracias, Diego. Aprobado. Tomemos nota para el an√°lisis de canales preferidos (chat vs FAQ). Jos√©"
"Al usar los filtros de fecha del dashboard financiero, ¬øqu√© error cometi√≥ Karla al principio?","poner el rango de fechas al rev√©s, con inicio y fin invertidos","Al principio pens√≥ que el filtro fallaba, pero fue error de orden en el rango (fecha inicio/fin invertidas).","el filtro fallaba, pero fue error de rango.","Al principio pens√≥ que el filtro fallaba, pero fue error de orden en el rango (fecha inicio/fin invertidas).",23,23;23;23,0.0,0.0,1.0,0.5535983298118211,0.009651502594351768,"<teresa.cano@acme.com> De: Para: Asunto: Fecha: ""Valeria N√∫√±ez"" <valeria.nunez@acme.com> ""Teresa Cano"" <teresa.cano@acme.com> Resumen ‚Äì Filtros de fecha dashboard financiero ‚Äì Karla Jim√©nez Tue, 14 Oct 2025 09:55:00 -0600 Hola Teresa, Resumen del caso de Karla: - Al principio pens√≥ que el filtro fallaba, pero fue error de orden en el rango (fecha inicio/fin invertidas).

---

Asunto: 09:25:17 | actor: cliente | estado: pendiente] De: Para: Asunto: Fecha: ""Karla Jim√©nez"" <karla.jimenez@cliente.com> ""Valeria N√∫√±ez"" <valeria.nunez@acme.com> Re: Comentarios sobre los filtros de fecha del dashboard financiero Tue, 14 Oct 2025 09:25:17 -0600 Hola Valeria, Al principio pens√© que el filtro no funcionaba porque no ve√≠a datos, pero luego me di cuenta de que hab√≠a puesto el rango al rev√©s di

---

HILO 12 ‚Äì Filtros de fecha en dashboard financiero (largo, con error del cliente) [EVENTO: pregunta_enviada | timestamp: 2025-10-14 08:50:00 | actor: miembro | estado: abierto] De: Para: Asunto: Fecha: ""Valeria N√∫√±ez"" <valeria.nunez@acme.com> ""Karla Jim√©nez"" <karla.jimenez@cliente.com> Comentarios sobre los filtros de fecha del dashboard financiero Tue, 14 Oct 2025 08:50:00 -0600 Hola Karla, Me gustar√≠a saber c√≥mo te est√° yendo -0600"
"Sobre la secci√≥n de comentarios internos, ¬øqu√© canal sigue siendo el principal para el equipo de Carlos?",WhatsApp,WhatsApp,WhatsApp,WhatsApp,25,25,1.0,1.0,1.0,1.0,0.999995231628418,"""Patricia estado: cerrado] De: Para: Asunto: Fecha: ""Miguel Pineda"" <miguel.pineda@acme.com> ""Patricia Le√≥n"" <patricia.leon@acme.com> Resumen ‚Äì Comentarios internos ‚Äì Cliente Carlos L√≥pez Wed, 15 Oct 2025 11:00:00 -0600 Patricia, Carlos usa los comentarios internos solo en casos complejos, pero el canal principal sigue siendo WhatsApp. Lo registro como uso parcial sin necesidad de seguimiento adicional. Miguel"
"En el modo oscuro de la interfaz, ¬øen qu√© momento del d√≠a dice Mariana que lo usa m√°s?",por la noche,por la noche,solo por la noche,por la noche,27,27;27;27,1.0,0.7058823529411764,1.0,1.0,0.9392879009246826,"Fecha: | actor: miembro | estado: pendiente] De: Para: Asunto: Fecha: ""Elena Cruz"" <elena.cruz@acme.com> ""Teresa Cano"" <teresa.cano@acme.com> Resumen ‚Äì Modo oscuro ‚Äì Mariana P√©rez Thu, 16 Oct 2025 09:40:20 -0600 Teresa, Mariana usa modo oscuro solo por la noche, en el d√≠a prefiere modo claro. Comenta que algunas tablas tienen contraste demasiado fuerte y le cansan la vista. Sugiero revisar paleta de colores en tablas espec√≠ficamente.

---

S√≠, modo oscuro Thu, 16 Oct 2025 09:10:00 -0600 Hola, S√≠, lo prob√©. Me gusta para trabajar de noche, pero en el d√≠a sigo usando el claro. Una cosa rara es que algunas tablas se ven muy contrastadas, me cansa un poco la vista. Mariana [EVENTO: resumen_enviado_a_lider | timestamp: 2025-10-16 09:40:20 | actor: miembro | estado: pendiente] De: Para: Asunto:

---

HILO 14 ‚Äì Modo oscuro de la interfaz (mediano con seguimiento breve) [EVENTO: pregunta_enviada | timestamp: 2025-10-16 08:35:00 | actor: miembro | estado: abierto] De: Para: Asunto: Fecha: ""Elena Cruz"" <elena.cruz@acme.com> ""Mariana P√©rez"" <mariana.perez@cliente.com> Comentarios sobre el nuevo modo oscuro Thu, 16 Oct 2025 08:35:00 -0600 Hola Mariana, Activamos el modo oscuro en la plataforma web. ¬øLo has probado? ¬øTe modo"
"En los recordatorios de tareas pendientes, ¬øqu√© informaci√≥n adicional quiere Luis que aparezca en el correo?","el nombre de la tarea, la fecha l√≠mite y el responsable","nombres de las tareas, fecha l√≠mite",cada uno de los tareas que se puede ajustar.,"nombres de las tareas, fecha l√≠mite",30,30;31;30;30;30,0.5272727272727273,0.0,1.0,0.8333501305905485,0.00018348809680901468,"11:05:10 los recordatorios de tareas pendientes Fri, 17 Oct 2025 11:05:10 -0600 Hola de nuevo, Luis, Para entender mejor c√≥mo mejorar los recordatorios: 1. ¬øTe servir√≠a que el correo listara los nombres de las tareas pendientes? 2. ¬øTe gustar√≠a ver tambi√©n la fecha l√≠mite de cada tarea en ese mismo correo? Con lo que nos digas podemos ajustar el dise√±o. Saludos, Con

---

Luis [EVENTO: resumen_enviado_a_lider | timestamp: 2025-10-17 12:05:55 | actor: miembro | estado: pendiente] De: Para: Asunto: Fecha: ""Jorge Rojas"" <jorge.rojas@acme.com> ""Ra√∫l Villalobos"" <raul.villalobos@acme.com> Seguimiento ‚Äì Recordatorios de tareas ‚Äì Luis G√≥mez Fri, 17 Oct 2025 12:05:55 -0600 Ra√∫l, Seguimiento del caso de Luis: - Quiere que el recordatorio incluya nombre de la tarea, fecha l√≠mite y responsable. - Con eso de

---

lo que nos digas podemos ajustar el dise√±o. Saludos, Jorge [EVENTO: respuesta_seguimiento_cliente | timestamp: 2025-10-17 11:40:30 | actor: cliente | estado: pendiente] De: Para: Asunto: Fecha: ""Luis G√≥mez"" <luis.gomez@cliente.com> ""Jorge Rojas"" <jorge.rojas@acme.com> Re: Seguimiento sobre los recordatorios de tareas pendientes Fri, 17 Oct 2025 11:40:30 -0600 Hola, S√≠, justo eso: que aparezcan los nombres de las tareas y la eso:

---

Sugiero pedirle un poco m√°s de detalle sobre qu√© informaci√≥n le gustar√≠a ver en el correo. Jorge [EVENTO: lider_solicito_seguimiento | timestamp: 2025-10-17 10:35:47 | actor: lider | estado: abierto] De: Para: Asunto: Fecha: ""Ra√∫l Villalobos"" <raul.villalobos@acme.com> ""Jorge Rojas"" <jorge.rojas@acme.com> Re: Resumen ‚Äì Recordatorios de tareas ‚Äì Luis G√≥mez Fri, 17 Oct 2025 10:35:47 -0600 Jorge, Exacto, p√≠dele ejemplos de

---

qu√© Oct 2025 10:35:47 -0600 Jorge, Exacto, p√≠dele ejemplos de qu√© le gustar√≠a ver: nombres de tareas, fechas l√≠mite, etc. Despu√©s me reenv√≠as el resumen. Ra√∫l [EVENTO: seguimiento_enviado_al_cliente | timestamp: 2025-10-17 11:05:10 | actor: miembro | estado: pendiente] De: Para: Asunto: Fecha: ""Jorge Rojas"" <jorge.rojas@acme.com> ""Luis G√≥mez"" <luis.gomez@cliente.com> Re: Seguimiento sobre los recordatorios de tareas pendientes Fri, 17 Oct 2025"
